{
  "actions" : [ {
    "module" : "init",
    "date" : "2022-11-16T16:13:52.110291437Z",
    "properties" : {
      "projectName" : "jhipsterlite",
      "baseName" : "jlite",
      "packageName" : "com.mycompany.myapp",
      "serverPort" : 8080,
      "endOfLine" : "lf",
      "indentSize" : 2,
      "auth0Domain" : "dev-123456.us.auth0.com",
      "auth0ClientId" : "0oab8eb55Kb9jdMIr5d6"
    }
  }, {
    "module" : "application-service-hexagonal-architecture-documentation",
    "date" : "2022-11-16T16:14:03.112743218Z",
    "properties" : {
      "projectName" : "jhipsterlite",
      "baseName" : "jlite",
      "packageName" : "com.mycompany.myapp",
      "serverPort" : 8080,
      "endOfLine" : "lf",
      "indentSize" : 2,
      "auth0Domain" : "dev-123456.us.auth0.com",
      "auth0ClientId" : "0oab8eb55Kb9jdMIr5d6"
    }
  } ]
}